{
  "pipeline": "fixed_with_time_splits",
  "target_variable": "abs_change_1day_after_pct",
  "data_split": "time_based_not_random",
  "signed_magnitude": {
    "correlation": 0.05267395003558523,
    "p_value": 0.09595884848806067,
    "directional_accuracy": 0.53
  },
  "baselines": {
    "random_accuracy": 0.465,
    "always_up_accuracy": 0.492,
    "signed_magnitude_accuracy": 0.53
  },
  "model_performance": {
    "rmse": 2.0311539369911653,
    "mae": 1.625391033245393,
    "directional_accuracy": 0.57,
    "test_predictions": "[ 1.20577033 -1.26647343  0.35509446  0.23335696 -0.65861104 -1.25336579\n -0.87606508  0.98536325  2.73788631  0.81264554  0.19295424  1.51488789\n  1.64550347 -1.2551746   0.81542401  0.86003679  1.75883836 -0.17906535\n -0.09330208 -0.98964432  0.71075329 -0.94695704 -0.25856944  0.69064802\n -2.10875738 -0.33000437  0.21780003 -0.88885592 -0.93185122  0.64894082\n -0.52703886 -0.67054011 -0.37173253  0.22548729 -1.37112602 -1.26982003\n  0.91352621  0.15778581 -1.50038771 -0.44994033 -1.48302316  0.24120047\n -0.20099    -0.65058184 -0.53732906  0.14414773 -1.29437289 -0.81383303\n -1.20815358 -1.68942715 -0.63869165  0.03246338  0.44445462 -1.36054406\n -0.84813858  0.43954459  0.4510743  -0.83538649 -1.3250898  -0.08238441\n -2.5633395  -0.59260593  1.64642595 -0.4808169   0.50110995 -0.88658761\n  1.72567776  1.67798094 -1.47519293 -1.02067093 -0.06704309 -0.15335087\n  0.65857539 -0.28024871  1.22398733  0.91618656 -0.38273131 -0.01919018\n -0.11650106  0.48633624  0.0245813  -1.41468986 -1.75650174  1.54487754\n -1.32349157  0.94857705  0.32810165 -2.83772118  0.03041558 -0.59134173\n -0.372122    1.31875387  0.11086462  0.38172019  0.4157375  -0.40781813\n  0.21311385 -0.25256532  0.31805465 -0.39362568  0.59792314  0.45730815\n -0.73977717 -0.82431205  0.6430478  -0.4120927   1.48684378 -0.49878634\n -0.51694049 -0.63588614  1.53888565 -1.4880613  -1.6587004  -0.85012738\n  1.16819606  0.39771023 -0.12559979  0.27123924 -1.8590617   0.5383974\n  0.39461744  0.62475453 -1.55714817 -1.61348553  1.44549606 -0.72894444\n -1.17980391 -0.73892069  0.6555033   0.44964716 -1.14760038 -1.53875083\n  0.66308991  0.46013006 -0.66238071 -0.51641203  1.78091399 -0.55843198\n  0.08229228 -0.82438788 -1.7514442   1.23399776  0.25393725 -1.28730636\n -0.40385783 -0.43105362 -0.62396723 -0.79164508 -0.31974121 -0.81048801\n  0.30131494  1.03953599 -0.91789527  0.77974216 -0.2943318   0.29687872\n  1.05861982 -1.07158257  0.41425214  1.22172541 -0.28086456 -2.25925287\n  0.82155933  1.25130098  0.45562405  0.96898669 -1.91301921  0.29877238\n -0.07862578 -1.43067482  1.85385985  0.0507457   0.62281359  0.76674782\n  0.2576269   0.03450564  1.27368441  0.18742812  0.6815089  -1.52726318\n -0.17920523 -1.27884876 -1.98504313 -0.31168097 -0.99149525  1.65531231\n  0.19616059 -0.57087649  0.95499406 -0.66461027 -0.80857129 -0.98601486\n  0.69597972 -0.14312571  0.42886017  0.50249781 -0.67085577  1.02205229\n  1.34297165 -0.84688718]",
    "test_actual": "395    2.601170\n396   -1.052798\n397    4.187220\n398   -2.133666\n399    1.076221\n         ...   \n339    1.049389\n340   -0.113740\n341   -1.912297\n328    2.034320\n999   -0.802472\nName: target, Length: 200, dtype: float64"
  }
}