{
  "pipeline": "corrected_full_pipeline",
  "target_variable": "abs_change_1day_after_pct",
  "fields_used_for_flags": [
    "consolidated_event_tags",
    "consolidated_event_type",
    "consolidated_factor_name",
    "factor_category",
    "event_tag_category"
  ],
  "fields_excluded": [
    "event_tags",
    "event_type",
    "factor_name"
  ],
  "scalar_features_count": 34,
  "baseline_analysis": {
    "mean_change": -0.11143545971371364,
    "std_change": 1.990099962898599,
    "positive_rate": 0.492,
    "always_positive_accuracy": 0.492,
    "always_negative_accuracy": 0.508,
    "best_baseline": 0.508
  },
  "model_performance": {
    "rmse": 2.3413413372397547,
    "mae": 1.9043021912752358,
    "directional_accuracy": 0.525,
    "feature_importance": [
      [
        "ai_assessment_business_impact_likelihood",
        "1159"
      ],
      [
        "article_source_credibility",
        "1127"
      ],
      [
        "factor_magnitude",
        "1088"
      ],
      [
        "market_perception_intensity",
        "1072"
      ],
      [
        "causal_certainty",
        "1037"
      ],
      [
        "signed_magnitude",
        "550"
      ],
      [
        "technology_event_tag_category_present",
        "155"
      ],
      [
        "market_perception_factor_name_present",
        "123"
      ],
      [
        "operational_factor_category_present",
        "108"
      ],
      [
        "analyst_update_event_type_present",
        "94"
      ],
      [
        "earnings_report_event_type_present",
        "83"
      ],
      [
        "product_launch_event_type_present",
        "59"
      ],
      [
        "factor_movement",
        "40"
      ],
      [
        "revenue_growth_rate_factor_name_present",
        "0"
      ],
      [
        "financial_factor_category_present",
        "0"
      ],
      [
        "business_event_tag_category_present",
        "0"
      ]
    ],
    "test_predictions": "[ 7.27151941e-01  9.48779181e-01  1.11614473e+00 -8.28882245e-01\n  6.76519485e-01  2.88139127e-01 -2.02134279e-01 -1.79063872e-01\n -8.18358549e-01  1.24970325e+00 -2.17328375e-01 -6.47772244e-01\n -3.07976885e-01  3.91120728e-01  1.13298099e+00 -1.62381115e+00\n -1.22816008e+00  1.24273528e-01 -6.39282449e-01 -7.14135555e-01\n -3.00700728e-01 -8.54840318e-01 -1.06330630e+00 -2.53447949e-01\n  3.48883584e-01  2.13834001e+00 -6.25614102e-01  1.09667142e+00\n  6.36244374e-01 -1.37361223e-01  1.13001644e+00 -1.36633685e+00\n -2.61160452e-01 -1.06850218e+00 -1.12908976e+00  1.34380638e+00\n  2.88213127e-01 -7.66638384e-01  8.92029813e-01 -1.14669667e-02\n -1.38567178e-01  4.87716102e-01  1.31119257e+00 -4.88849658e-02\n -2.42095245e-01 -9.71516778e-01 -1.22875304e-02 -1.07160929e+00\n  1.89139899e+00  7.89094768e-01  1.07172932e+00  2.41599834e-01\n  2.28691016e-01  1.68915161e-01 -1.04002098e+00  3.97731537e-02\n  1.24926163e+00 -1.42028551e+00  4.71640418e-01 -3.73118642e-01\n -1.03987065e+00 -1.37809962e+00  1.28908152e-01  6.29580308e-01\n -2.70039705e+00 -2.75931147e-01 -2.43403303e-01 -4.43978813e-01\n  5.80067171e-02 -1.33714219e+00  6.27764362e-01  6.27429550e-01\n -1.60148891e+00  1.18981113e-01 -2.05204583e+00 -8.52788522e-03\n  1.82677030e+00  6.07127388e-01  1.25439568e+00 -1.19707247e+00\n  1.45479871e-01 -2.93213189e+00 -3.13877142e-01 -2.21228203e+00\n  4.71324606e-01 -1.55867415e+00 -1.24002521e-01 -1.10896654e+00\n -1.47571707e+00 -3.41285616e-01 -9.14676299e-01  7.37822823e-02\n -7.72574554e-01 -1.22370304e+00 -7.77132517e-01 -1.89559416e+00\n  5.75627277e-02 -6.34558147e-01  2.77233048e-01 -1.44561169e-01\n -1.91166053e+00  1.90070960e+00  6.30990019e-02  6.32147514e-01\n  1.40445336e-01  1.40091366e-01  1.75369178e-01 -6.99850872e-01\n  9.80917790e-01 -8.38305167e-01 -3.95045154e-01 -1.23872574e+00\n  6.85849327e-01 -1.46335677e+00 -8.16347556e-01  4.88243936e-01\n -2.53356731e+00  9.61090000e-01  1.88318269e+00 -5.96114483e-01\n  9.08502974e-01 -4.47244832e-01 -7.19381568e-02  2.54692036e-01\n  1.50820935e+00 -8.86089234e-01 -8.30618203e-01  7.24028952e-01\n  1.01097958e+00 -3.17769948e-02 -4.21286178e-01 -1.16957532e-01\n -8.73637414e-01 -2.92562829e+00 -1.27019031e-01  3.01181394e+00\n -7.09688838e-01  1.68687044e+00 -8.02358846e-01 -8.65797462e-02\n  1.87532942e+00  8.41094118e-01  3.35532731e-01 -4.46105561e-02\n  9.27483601e-01  1.48520228e+00 -7.00988500e-01 -1.19838076e+00\n  1.13517460e+00 -7.88853432e-01 -1.34094200e-03  2.80126248e-02\n -3.39556374e-01 -1.03330871e+00 -6.17837811e-01  5.70195206e-01\n -1.14351939e+00  1.50770760e+00  2.31749072e-01 -2.27369370e+00\n  2.00407393e+00  1.87590442e-01 -1.60931679e+00  6.70965380e-01\n -8.07484262e-01 -3.48537241e-01 -1.52367436e+00  9.82512993e-01\n -1.75891607e-01 -1.28192907e+00 -5.76382833e-02  4.78848943e-01\n  1.43652103e+00  8.78283743e-01  3.64195152e-01 -2.94446758e-01\n -1.98905456e-01  1.16013892e+00  5.29468772e-01  5.73397751e-01\n  7.05351706e-01  2.99676200e-01 -5.57484054e-01 -5.05830509e-01\n -1.27892300e-01  6.81166828e-01  1.07688350e+00  1.88115519e+00\n -1.45827631e+00  5.36655493e-01  2.82822361e-01  9.49640725e-01\n -2.57323076e-01  1.17340487e-01 -6.45953941e-02 -8.51352599e-01\n  5.11932984e-01 -7.44373119e-01 -8.40797018e-01 -1.79917742e-01]",
    "test_actual": "395   -0.690557\n396    2.336997\n397    0.713551\n398    1.949095\n399    1.996956\n         ...   \n339   -0.084928\n340    2.975569\n341   -0.501749\n328    2.678363\n999   -2.552212\nName: target, Length: 200, dtype: float64"
  }
}