feature,importance
article_source_credibility,0.2684921895781241
factor_magnitude,0.2601107788456229
market_perception_intensity,0.2524192281116682
consolidated_event_tags,0.06831710120512187
consolidated_event_type,0.05297962911943069
consolidated_factor_name,0.04982571393608106
factor_movement,0.029712855515803726
event_tag_category,0.01814250368814744
