feature,importance
factor_magnitude,0.26884991517461504
article_source_credibility,0.26249262138032525
market_perception_intensity,0.2511888470769129
consolidated_event_tags,0.06559063179032436
consolidated_factor_name,0.053729763337677774
consolidated_event_type,0.05169835624460462
factor_movement,0.030852305307763176
event_tag_category,0.015597559687776786
