feature,importance
article_source_credibility,0.25586300591767236
market_perception_intensity,0.2551813732930157
factor_magnitude,0.24930685941597272
consolidated_event_tags,0.07167438850162347
consolidated_factor_name,0.05879525894115552
consolidated_event_type,0.05660656040498758
factor_movement,0.03297240203789225
event_tag_category,0.01960015148768022
