{
  "alpha_vs_spy_1day": {
    "random_forest": {
      "mse": 8.532801802804034,
      "mae": 2.5243560890313534,
      "r2": -0.008093471299184696,
      "rmse": 2.921095993425076
    },
    "lightgbm": {
      "mse": 8.45564200801471,
      "mae": 2.5140044022766572,
      "r2": 0.0010224424617960581,
      "rmse": 2.9078586636930464
    }
  },
  "alpha_vs_spy_1week": {
    "random_forest": {
      "mse": 33.73362309165506,
      "mae": 5.008514289675286,
      "r2": -0.01688249432656197,
      "rmse": 5.808065348431874
    },
    "lightgbm": {
      "mse": 33.1799395746561,
      "mae": 4.974713541832058,
      "r2": -0.00019199315200268963,
      "rmse": 5.760203084497638
    }
  },
  "alpha_vs_qqq_1day": {
    "random_forest": {
      "mse": 8.201355798252314,
      "mae": 2.476707728144668,
      "r2": -0.007907510322714417,
      "rmse": 2.8638009355142535
    },
    "lightgbm": {
      "mse": 8.138378559875576,
      "mae": 2.4694862035378082,
      "r2": -0.00016790810318600968,
      "rmse": 2.8527843521506453
    }
  }
}