{
  "rmse": 0.049587911293278,
  "mae": 0.038967310281264614,
  "directional_accuracy": 1.0
}