{
  "rmse": 2.910735030700065,
  "mae": 2.517543389200992,
  "directional_accuracy": 0.49125
}